,id,age,sex,chest_pain_type,bp,cholesterol,fbs_over_120,ekg_results,max_hr,exercise_angina,st_depression,slope_of_st,number_of_vessels_fluro,thallium,heart_disease
count,630000.0,630000.0,630000.0,630000.0,630000.0,630000.0,630000.0,630000.0,630000.0,630000.0,630000.0,630000.0,630000.0,630000.0,630000.0
mean,314999.5,54.13670634920635,0.7147349206349206,3.312752380952381,130.49743333333333,245.01181428571428,0.07998730158730159,0.9816603174603175,152.8167634920635,0.2737253968253968,0.7160275555555555,1.4558714285714285,0.4510396825396825,4.618873015873016,0.44833968253968254
std,181865.47913224212,8.256300848556231,0.451540958821705,0.8516145940830924,14.975801969905215,33.68158112629141,0.2712737546846993,0.9987826724494866,19.11292655174958,0.44587007021543973,0.9484716953213217,0.5451917950270107,0.798548739890681,1.9500074897578914,0.4973244455983911
min,0.0,29.0,0.0,1.0,94.0,126.0,0.0,0.0,71.0,0.0,0.0,1.0,0.0,3.0,0.0
25%,157499.75,48.0,0.0,3.0,120.0,223.0,0.0,0.0,142.0,0.0,0.0,1.0,0.0,3.0,0.0
50%,314999.5,54.0,1.0,4.0,130.0,243.0,0.0,0.0,157.0,0.0,0.1,1.0,0.0,3.0,0.0
75%,472499.25,60.0,1.0,4.0,140.0,269.0,0.0,2.0,166.0,1.0,1.4,2.0,1.0,7.0,1.0
max,629999.0,77.0,1.0,4.0,200.0,564.0,1.0,2.0,202.0,1.0,6.2,3.0,3.0,7.0,1.0
